City_ID,City,Country,Date,Lat,Lng,Max Temp,Humidity,Cloudiness,Wind Speed
0,Goiatuba,BR,2022-02-01 20:58:24,-18.0125,-49.3547,73.62,88,100,1.01
1,Arlit,NE,2022-02-01 20:58:24,18.7369,7.3853,64.71,11,3,8.14
2,Lagoa,PT,2022-02-01 20:58:02,39.05,-27.9833,58.44,75,59,17.4
3,Provideniya,RU,2022-02-01 20:58:25,64.3833,-173.3,8.67,66,4,22.95
4,Jamestown,US,2022-02-01 20:57:30,42.097,-79.2353,39.94,84,100,16.02
5,Chimbote,PE,2022-02-01 20:58:25,-9.0853,-78.5783,75.2,69,100,11.21
6,Avarua,CK,2022-02-01 20:58:26,-21.2078,-159.775,82.45,78,20,11.5
7,Arraial Do Cabo,BR,2022-02-01 20:58:26,-22.9661,-42.0278,78.76,89,75,9.22
8,Minsk,BY,2022-02-01 20:55:00,53.9,27.5667,24.55,95,100,9.4
9,Salinas,US,2022-02-01 20:54:26,36.6777,-121.6555,61.52,35,0,7.85
10,Angul,IN,2022-02-01 20:58:27,20.85,85.1,61.79,37,5,2.55
11,Hilo,US,2022-02-01 20:57:28,19.7297,-155.09,77.25,75,57,4.0
12,Havelock,US,2022-02-01 20:55:38,34.8791,-76.9013,56.05,52,0,5.99
13,Rikitea,PF,2022-02-01 20:54:59,-23.1203,-134.9692,78.21,70,91,5.97
14,Bilibino,RU,2022-02-01 20:58:03,68.0546,166.4372,5.76,65,100,6.17
15,Port Hardy,CA,2022-02-01 20:53:58,50.6996,-127.4199,41.18,81,100,5.75
16,Sao Joao Da Barra,BR,2022-02-01 20:58:28,-21.6403,-41.0511,86.09,86,93,5.66
17,Puerto Ayora,EC,2022-02-01 20:58:28,-0.7393,-90.3518,82.36,92,76,4.0
18,Port Alfred,ZA,2022-02-01 20:54:11,-33.5906,26.891,77.23,82,100,9.15
19,Busselton,AU,2022-02-01 20:58:29,-33.65,115.3333,61.05,67,21,18.28
20,Victoria,HK,2022-02-01 20:54:55,22.2855,114.1577,61.25,91,100,1.99
21,Chalchihuites,MX,2022-02-01 20:58:29,23.4833,-103.8833,68.41,7,0,17.98
22,Vaini,TO,2022-02-01 20:58:30,-21.2,-175.2,82.56,78,75,4.61
23,Barrow,US,2022-02-01 20:54:57,71.2906,-156.7887,-23.03,100,24,6.11
24,Ponta Do Sol,PT,2022-02-01 20:58:30,32.6667,-17.1,67.01,72,48,11.81
25,Bathsheba,BB,2022-02-01 20:58:31,13.2167,-59.5167,84.81,61,20,14.97
26,Kavaratti,IN,2022-02-01 20:58:31,10.5669,72.642,79.95,71,2,9.42
27,Laguna,US,2022-02-01 20:55:34,38.421,-121.4238,62.44,28,0,11.01
28,Khandbari,NP,2022-02-01 20:58:31,27.3747,87.2039,42.84,76,30,4.5
29,Katsuura,JP,2022-02-01 20:57:47,35.1333,140.3,39.31,43,42,15.32
30,Alice Springs,AU,2022-02-01 20:56:07,-23.7,133.8833,71.15,100,100,9.22
31,Marzuq,YE,2022-02-01 20:58:32,14.4,46.4667,63.43,78,53,4.56
32,Kathmandu,NP,2022-02-01 20:53:52,27.7167,85.3167,41.22,93,20,3.44
33,Nikolskoye,RU,2022-02-01 20:58:33,59.7035,30.7861,24.69,98,100,2.86
34,Oksfjord,NO,2022-02-01 20:58:33,70.2396,22.3479,25.72,52,90,10.54
35,Saint George,US,2022-02-01 20:57:10,37.1041,-113.5841,54.07,24,10,3.0
36,Magadan,RU,2022-02-01 20:58:34,59.5667,150.8,-0.6,78,53,10.85
37,Castro,BR,2022-02-01 20:58:34,-24.7911,-50.0119,75.72,72,4,4.79
38,Zarubino,RU,2022-02-01 20:58:34,42.63,131.0922,14.94,65,1,17.65
39,Dawei,MM,2022-02-01 20:58:35,14.0833,98.2,68.61,92,85,3.38
40,Korla,CN,2022-02-01 20:58:35,41.7597,86.1469,23.02,45,22,2.01
41,Tasiilaq,GL,2022-02-01 20:58:35,65.6145,-37.6368,0.97,71,96,6.35
42,Atuona,PF,2022-02-01 20:58:36,-9.8,-139.0333,78.57,70,17,21.61
43,Mvuma,ZW,2022-02-01 20:58:36,-19.2792,30.5283,66.79,79,94,5.97
44,Shemonaikha,KZ,2022-02-01 20:58:36,50.6328,81.9056,-7.06,94,10,2.82
45,Galesong,ID,2022-02-01 20:58:37,-5.3166,119.3661,75.22,83,100,3.8
46,Fortuna,US,2022-02-01 20:57:22,40.5982,-124.1573,51.93,56,0,5.01
47,Bluff,NZ,2022-02-01 20:59:37,-46.6,168.3333,73.8,71,100,13.18
48,Mahebourg,MU,2022-02-01 20:55:08,-20.4081,57.7,79.09,94,75,19.57
49,Sarangani,PH,2022-02-01 20:59:38,5.4033,125.4636,81.55,73,100,19.33
50,Kapaa,US,2022-02-01 20:57:33,22.0752,-159.319,78.12,69,58,1.01
51,Hobart,AU,2022-02-01 20:59:38,-42.8794,147.3294,54.05,57,20,1.01
52,Maumere,ID,2022-02-01 20:59:39,-8.6199,122.2111,78.73,83,55,9.55
53,Punta Arenas,CL,2022-02-01 20:58:46,-53.15,-70.9167,53.62,50,40,42.57
54,Puerto Escondido,MX,2022-02-01 20:59:39,15.85,-97.0667,85.12,56,1,15.17
55,Birecik,TR,2022-02-01 20:59:40,37.0294,37.9903,42.01,89,100,5.21
56,Wajima,JP,2022-02-01 20:59:40,37.4,136.9,38.16,59,100,21.07
57,Cap-Aux-Meules,CA,2022-02-01 20:59:40,47.3821,-61.8597,17.65,67,75,10.36
58,Pevek,RU,2022-02-01 20:59:41,69.7008,170.3133,-12.44,86,98,3.49
59,Melito Di Porto Salvo,IT,2022-02-01 20:59:41,37.9222,15.7714,53.78,46,20,19.57
60,Coquimbo,CL,2022-02-01 20:59:41,-29.9533,-71.3436,71.33,60,0,12.66
61,Yellowknife,CA,2022-02-01 20:56:30,62.456,-114.3525,-19.59,69,0,11.5
62,Albany,US,2022-02-01 20:59:42,42.6001,-73.9662,35.62,52,42,1.99
63,Inverness,GB,2022-02-01 20:59:42,57.4791,-4.224,44.22,77,75,3.0
64,Arroio Grande,BR,2022-02-01 20:59:43,-32.2375,-53.0869,78.31,35,0,11.56
65,Georgetown,MY,2022-02-01 20:57:49,5.4112,100.3354,82.33,88,20,3.0
66,Tsagan Aman,RU,2022-02-01 20:59:43,47.5639,46.7218,30.87,96,98,6.98
67,Wegrow,PL,2022-02-01 20:59:44,52.3995,22.0163,34.59,95,100,12.12
68,Wendo,ET,2022-02-01 20:59:44,6.6,38.4167,60.69,45,94,3.58
69,Ushuaia,AR,2022-02-01 20:57:48,-54.8,-68.3,51.42,81,75,37.98
70,Nome,US,2022-02-01 20:57:19,64.5011,-165.4064,19.17,69,0,21.09
71,Yumen,CN,2022-02-01 20:59:45,40.2833,97.2,18.01,28,7,5.19
72,Kodiak,US,2022-02-01 20:57:50,57.79,-152.4072,38.71,100,100,11.5
73,Turbat,PK,2022-02-01 20:59:45,26.0023,63.044,69.58,48,0,2.73
74,Kozlovo,RU,2022-02-01 20:59:46,56.5167,36.2667,21.76,94,100,8.79
75,Khorramshahr,IR,2022-02-01 20:59:46,30.4397,48.1664,55.36,88,0,6.91
76,Mount Gambier,AU,2022-02-01 20:59:47,-37.8333,140.7667,48.11,71,75,4.61
77,Husavik,IS,2022-02-01 20:58:41,66.0449,-17.3389,6.71,82,33,13.98
78,Folldal,NO,2022-02-01 20:59:47,62.1325,9.9968,12.22,96,100,2.84
79,Hithadhoo,MV,2022-02-01 20:57:05,-0.6,73.0833,82.45,72,5,11.39
80,Gonzalez,US,2022-02-01 20:56:20,30.5816,-87.2914,65.66,65,100,1.01
81,Thompson,CA,2022-02-01 20:54:48,55.7435,-97.8558,-14.64,64,20,10.36
82,Tiksi,RU,2022-02-01 20:59:48,71.6872,128.8694,-13.72,99,100,4.5
83,Iqaluit,CA,2022-02-01 20:59:48,63.7506,-68.5145,-14.31,75,75,8.99
84,Upernavik,GL,2022-02-01 20:59:49,72.7868,-56.1549,-15.21,73,100,6.78
85,Ust-Koksa,RU,2022-02-01 20:59:49,50.2696,85.6108,2.12,97,94,0.98
86,Prince Rupert,CA,2022-02-01 20:59:49,54.3161,-130.3201,35.29,93,0,5.75
87,Bengkulu,ID,2022-02-01 20:57:17,-3.8004,102.2655,73.81,85,100,5.91
88,Dikson,RU,2022-02-01 20:59:50,73.5069,80.5464,3.94,93,100,18.3
89,Hasaki,JP,2022-02-01 20:59:50,35.7333,140.8333,32.4,45,0,23.17
90,Mataura,NZ,2022-02-01 20:59:51,-46.1927,168.8643,73.47,66,100,6.82
91,Cape Town,ZA,2022-02-01 20:58:38,-33.9258,18.4232,69.1,84,20,8.05
92,Wanning,CN,2022-02-01 21:00:51,18.8003,110.3967,68.13,92,96,6.22
93,Karla,EE,2022-02-01 21:00:52,59.3723,24.9275,21.16,93,100,4.61
94,Nanakuli,US,2022-02-01 21:00:52,21.3906,-158.1547,80.11,64,100,8.05
95,Wodonga,AU,2022-02-01 21:00:53,-36.1167,146.8833,59.97,100,3,2.66
96,Hervey Bay,AU,2022-02-01 21:00:53,-25.2986,152.8535,81.03,78,100,12.5
97,Hermanus,ZA,2022-02-01 21:00:53,-34.4187,19.2345,69.91,84,24,2.26
98,Ust-Nera,RU,2022-02-01 21:00:54,64.5667,143.2,-2.16,99,100,5.06
99,Paamiut,GL,2022-02-01 21:00:54,61.994,-49.6678,14.32,82,100,11.03
100,Bambous Virieux,MU,2022-02-01 20:57:12,-20.3428,57.7575,79.05,94,75,19.57
101,Zhezkazgan,KZ,2022-02-01 21:00:10,47.8043,67.7144,5.67,95,56,7.99
102,Gallipoli,TR,2022-02-01 21:00:55,40.4103,26.6708,52.23,82,100,11.59
103,Touros,BR,2022-02-01 20:56:05,-5.1989,-35.4608,83.3,75,62,11.99
104,Ilulissat,GL,2022-02-01 21:00:56,69.2167,-51.1,1.42,51,75,3.44
105,Ruidoso,US,2022-02-01 21:00:56,33.3317,-105.673,50.76,23,0,11.5
106,Carnduff,CA,2022-02-01 21:00:57,49.1667,-101.8009,-3.62,85,63,17.74
107,Bethel,US,2022-02-01 21:00:57,41.3712,-73.414,35.96,64,79,3.0
108,Plastun,RU,2022-02-01 21:00:57,44.7561,136.2939,6.3,80,4,6.8
109,Riyadh,SA,2022-02-01 21:00:58,24.6877,46.7219,54.66,31,0,10.71
110,Chifeng,CN,2022-02-01 21:00:58,42.2683,118.9636,9.39,54,0,6.33
111,Wajid,SO,2022-02-01 21:00:59,3.8093,43.2471,83.28,32,100,11.97
112,Wasco,US,2022-02-01 21:00:59,35.5941,-119.341,55.13,41,21,6.93
113,Saint-Augustin,CA,2022-02-01 21:00:59,51.226,-58.6502,-1.1,81,1,9.89
114,Siuna,NI,2022-02-01 21:01:00,13.7332,-84.7773,88.25,40,9,6.62
115,Kibaek,DK,2022-02-01 21:01:00,56.0317,8.857,42.94,78,86,22.86
116,Namibe,AO,2022-02-01 21:01:01,-15.1961,12.1522,73.13,70,24,11.59
117,Suicheng,CN,2022-02-01 21:01:01,33.8963,117.9331,30.97,49,100,5.41
118,Ngunguru,NZ,2022-02-01 21:01:02,-35.6167,174.5,73.17,80,100,17.72
119,Jalu,LY,2022-02-01 21:01:02,29.0331,21.5482,58.01,34,91,13.13
120,Dingle,PH,2022-02-01 21:01:03,10.9995,122.6711,73.27,94,81,7.67
121,Berlevag,NO,2022-02-01 20:57:38,70.8578,29.0864,21.2,67,0,3.44
122,Merrill,US,2022-02-01 20:58:18,45.1805,-89.6835,27.55,59,0,18.41
123,Shache,CN,2022-02-01 21:01:03,38.4167,77.2406,24.96,46,12,1.34
124,Saint-Michel-Des-Saints,CA,2022-02-01 21:01:04,46.6834,-73.9159,19.94,84,100,10.87
125,Shizunai,JP,2022-02-01 21:01:04,42.3339,142.3669,23.81,79,37,8.99
126,Saint-Philippe,RE,2022-02-01 21:01:05,-21.3585,55.7679,81.95,91,96,21.39
127,Along,IN,2022-02-01 21:01:05,28.1667,94.7667,50.97,98,100,1.39
128,Khatanga,RU,2022-02-01 21:01:05,71.9667,102.5,-36.4,99,22,2.46
129,Mamallapuram,IN,2022-02-01 21:01:06,12.6264,80.1722,76.05,66,4,2.86
130,Camacha,PT,2022-02-01 21:01:06,33.0833,-16.3333,63.54,88,20,17.27
131,Yulara,AU,2022-02-01 21:01:06,-25.2406,130.9889,67.84,94,75,12.66
132,Lata,PT,2022-02-01 21:01:07,40.1629,-8.3327,56.07,74,0,4.21
133,Pisco,PE,2022-02-01 20:58:24,-13.7,-76.2167,78.85,57,0,17.27
134,Nishihara,JP,2022-02-01 21:01:07,26.1842,127.7558,61.88,82,92,10.36
135,Kirakira,SB,2022-02-01 21:01:08,-10.4544,161.9205,81.25,81,79,3.58
136,Ust-Kut,RU,2022-02-01 21:01:08,56.7938,105.7672,-2.67,99,100,1.54
137,Pangnirtung,CA,2022-02-01 21:01:26,66.1451,-65.7125,-27.74,86,33,6.42
138,Puerto Madryn,AR,2022-02-01 21:02:09,-42.7692,-65.0385,80.65,33,4,4.81
139,San Cristobal,VE,2022-02-01 21:02:09,7.7669,-72.225,82.87,31,95,6.08
140,Menomonie,US,2022-02-01 20:59:13,44.8755,-91.9193,23.61,54,100,16.11
141,Esperance,AU,2022-02-01 21:02:10,-33.8667,121.9,60.57,69,44,13.73
142,Taltal,CL,2022-02-01 21:00:46,-25.4,-70.4833,68.88,68,20,4.65
143,Teya,RU,2022-02-01 21:00:57,60.3778,92.6267,-0.63,99,97,3.94
144,Clyde,US,2022-02-01 21:02:10,41.3042,-82.9752,46.72,77,100,16.35
145,Aracati,BR,2022-02-01 21:00:16,-4.5617,-37.7697,81.9,72,36,12.66
146,Pangai,TO,2022-02-01 21:02:11,-19.8,-174.35,80.22,69,0,8.46
147,Meybod,IR,2022-02-01 21:02:11,32.2501,54.0166,41.02,73,0,5.73
148,Kargat,RU,2022-02-01 21:02:12,55.1956,80.2811,20.28,96,100,8.48
149,Bredasdorp,ZA,2022-02-01 21:02:12,-34.5322,20.0403,74.8,78,4,2.3
150,Aklavik,CA,2022-02-01 20:58:42,68.2191,-135.0107,-10.37,76,75,2.3
151,Natal,BR,2022-02-01 21:02:13,-5.795,-35.2094,81.48,72,17,10.04
152,Meulaboh,ID,2022-02-01 21:02:13,4.1363,96.1285,75.2,88,91,4.16
153,Miraflores,MX,2022-02-01 21:02:14,19.2167,-98.8083,74.03,24,0,2.66
154,Sawakin,SD,2022-02-01 21:02:14,19.1059,37.3321,69.13,63,15,7.29
155,New Norfolk,AU,2022-02-01 21:02:14,-42.7826,147.0587,53.71,57,8,1.99
156,Vardo,NO,2022-02-01 21:02:14,70.3705,31.1107,17.8,73,0,6.91
157,Baykit,RU,2022-02-01 21:02:15,61.67,96.37,-11.13,100,100,0.51
158,Virginia Beach,US,2022-02-01 20:59:54,36.8529,-75.978,46.02,76,19,1.99
159,Qasigiannguit,GL,2022-02-01 21:02:15,68.8193,-51.1922,1.65,93,100,4.07
160,Faanui,PF,2022-02-01 21:02:16,-16.4833,-151.75,80.53,76,9,19.35
161,Butaritari,KI,2022-02-01 21:01:50,3.0707,172.7902,81.55,76,55,10.45
162,Atambua,ID,2022-02-01 20:59:08,-9.1061,124.8925,74.07,87,73,5.48
163,Ostrovnoy,RU,2022-02-01 21:02:17,68.0531,39.5131,17.56,92,100,7.38
164,Auki,SB,2022-02-01 21:02:17,-8.7676,160.7034,81.01,85,97,5.95
165,Dongsheng,CN,2022-02-01 21:02:18,39.8161,109.9776,10.29,36,0,6.49
166,Naze,JP,2022-02-01 21:02:18,28.3667,129.4833,55.6,72,100,10.87
167,Carnarvon,AU,2022-02-01 21:02:19,-24.8667,113.6333,76.37,77,100,7.94
168,Severo-Kurilsk,RU,2022-02-01 21:02:19,50.6789,156.125,26.85,79,78,10.54
169,Oriximina,BR,2022-02-01 21:02:19,-1.7656,-55.8661,83.34,74,36,4.34
170,Clyde River,CA,2022-02-01 21:02:20,70.4692,-68.5914,-27.17,81,99,2.77
171,Kruisfontein,ZA,2022-02-01 21:02:20,-34.0033,24.7314,74.88,68,100,4.94
172,Bundaberg,AU,2022-02-01 21:01:22,-24.85,152.35,81.21,87,99,1.99
173,Avera,US,2022-02-01 21:02:21,33.194,-82.5271,64.74,48,0,10.27
174,Teguise,ES,2022-02-01 21:01:43,29.0605,-13.564,68.22,33,0,6.91
175,Necochea,AR,2022-02-01 21:01:12,-38.5473,-58.7368,75.04,49,7,11.23
176,Hualmay,PE,2022-02-01 20:58:08,-11.0964,-77.6139,74.79,72,37,10.94
177,Yuzha,RU,2022-02-01 21:02:21,56.5831,42.0122,26.87,92,100,8.97
178,Pokhara,NP,2022-02-01 21:02:22,28.2333,83.9833,46.99,66,14,5.66
179,Kalmunai,LK,2022-02-01 21:00:18,7.4167,81.8167,73.09,76,0,3.33
180,Codrington,AU,2022-02-01 21:03:22,-38.2667,141.9667,57.72,53,54,12.62
181,Asau,RO,2022-02-01 21:03:23,46.4333,26.4,32.95,78,100,3.33
182,Cidreira,BR,2022-02-01 21:03:23,-30.1811,-50.2056,74.32,67,8,9.28
183,Lalupon,NG,2022-02-01 21:03:24,7.4667,4.0667,72.27,32,0,3.85
184,Ust-Omchug,RU,2022-02-01 21:03:24,61.15,149.6333,-15.7,99,86,6.13
185,Huarmey,PE,2022-02-01 21:02:08,-10.0681,-78.1522,75.04,72,100,10.09
186,Rio Grande,BR,2022-02-01 21:03:21,-32.035,-52.0986,78.91,54,0,11.97
187,Shingu,JP,2022-02-01 21:03:25,33.7333,135.9833,41.92,71,4,6.98
188,Torbay,CA,2022-02-01 21:00:12,47.6666,-52.7314,25.39,62,66,5.01
189,Nosy Varika,MG,2022-02-01 21:03:25,-20.5833,48.5333,74.28,87,93,5.5
190,Maunabo,PR,2022-02-01 21:03:26,18.0072,-65.8993,83.64,77,1,8.16
191,Maldonado,UY,2022-02-01 21:01:26,-34.6667,-54.9167,73.22,46,0,9.86
192,Mvangue,CM,2022-02-01 21:03:26,2.9667,11.5167,68.56,83,97,3.06
193,Broken Hill,AU,2022-02-01 21:03:27,-31.95,141.4333,58.71,56,100,23.44
194,Nuuk,GL,2022-02-01 21:03:27,64.1835,-51.7216,9.21,72,100,8.05
195,Port Elizabeth,ZA,2022-02-01 21:01:41,-33.918,25.5701,77.09,76,100,3.62
196,Mahibadhoo,MV,2022-02-01 21:03:27,3.7833,72.9667,82.11,77,78,15.46
197,Busayra,JO,2022-02-01 21:03:28,30.7376,35.6078,44.01,54,0,4.81
198,Chuy,UY,2022-02-01 21:03:28,-33.6971,-53.4616,71.35,51,0,9.57
199,Xucheng,CN,2022-02-01 21:03:29,20.35,110.1288,62.64,92,100,14.23
200,Port Lincoln,AU,2022-02-01 21:03:29,-34.7333,135.8667,60.91,55,68,17.13
201,Mar Del Plata,AR,2022-02-01 21:03:29,-38.0023,-57.5575,84.22,67,0,11.01
202,Palmer,US,2022-02-01 21:03:30,42.1584,-72.3287,35.24,62,75,1.01
203,Galle,LK,2022-02-01 21:03:30,6.0367,80.217,72.45,87,8,5.21
204,Lubango,AO,2022-02-01 21:03:31,-14.9172,13.4925,60.19,51,88,4.09
205,Coihaique,CL,2022-02-01 20:59:09,-45.5752,-72.0662,68.61,37,75,10.36
206,Hwange,ZW,2022-02-01 21:03:31,-18.3693,26.5019,68.27,94,7,2.26
207,Ugoofaaru,MV,2022-02-01 21:03:32,5.6667,73.0,82.13,77,5,15.93
208,Baft,IR,2022-02-01 21:03:32,29.234,56.6057,40.24,84,7,8.23
209,Vila Velha,BR,2022-02-01 21:03:32,-20.3297,-40.2925,82.94,82,20,10.36
210,Rodez,FR,2022-02-01 21:03:33,44.5,2.5833,40.68,100,100,10.36
211,Fort Nelson,CA,2022-02-01 20:59:53,58.8053,-122.7002,-13.41,84,40,0.0
212,Ambunti,PG,2022-02-01 21:03:33,-4.2365,142.8448,72.34,99,97,0.98
213,Marawi,PH,2022-02-01 21:03:34,7.9986,124.2928,63.64,94,100,1.3
214,Aykhal,RU,2022-02-01 21:00:35,66.0,111.5,-23.03,100,10,3.04
215,Alghero,IT,2022-02-01 21:03:09,40.5589,8.3181,42.89,87,0,3.44
216,Longyearbyen,SJ,2022-02-01 21:03:35,78.2186,15.6401,22.84,58,75,4.61
217,Okha,RU,2022-02-01 21:03:35,53.5739,142.9478,1.38,92,93,20.4
218,Cabo San Lucas,MX,2022-02-01 21:01:11,22.8909,-109.9124,83.52,55,0,5.99
219,Santiago Del Estero,AR,2022-02-01 21:00:31,-27.7951,-64.2615,101.37,18,6,9.64
220,Yeppoon,AU,2022-02-01 21:03:36,-23.1333,150.7333,78.58,74,99,3.0
221,Flinders,AU,2022-02-01 21:03:36,-34.5833,150.8552,69.21,89,100,8.99
222,Vestmannaeyjar,IS,2022-02-01 21:03:12,63.4427,-20.2734,35.35,80,100,12.64
223,Grand Gaube,MU,2022-02-01 21:03:36,-20.0064,57.6608,77.38,88,100,15.01
224,Portland,US,2022-02-01 21:00:18,45.5234,-122.6762,46.71,87,100,1.99
225,Champerico,GT,2022-02-01 21:04:37,14.3,-91.9167,85.77,54,1,12.15
226,Tanete,ID,2022-02-01 21:04:37,-3.9443,119.7848,75.31,96,100,1.23
227,East London,ZA,2022-02-01 21:02:31,-33.0153,27.9116,75.81,87,100,6.08
228,Nouadhibou,MR,2022-02-01 21:04:38,20.931,-17.0347,67.03,77,91,13.76
229,Yibin,CN,2022-02-01 21:04:38,28.7667,104.6238,44.24,87,100,1.21
230,Tuatapere,NZ,2022-02-01 21:04:39,-46.1333,167.6833,73.81,77,97,7.45
231,Lompoc,US,2022-02-01 21:04:39,34.6391,-120.4579,68.68,25,0,13.8
232,Jambi,ID,2022-02-01 21:04:39,-1.6,103.6167,72.23,99,100,4.32
233,Airai,TL,2022-02-01 21:04:40,-8.9266,125.4092,59.23,83,80,2.98
234,Santa Maria,BR,2022-02-01 21:03:01,-29.6842,-53.8069,93.99,23,0,7.34
235,Lebu,CL,2022-02-01 21:04:40,-37.6167,-73.65,64.31,76,0,12.35
236,Tsuyama,JP,2022-02-01 21:04:40,35.05,134.0,33.35,92,48,2.13
237,Clearlake,US,2022-02-01 21:04:41,38.9582,-122.6264,59.63,21,0,17.0
238,Novyy Urengoy,RU,2022-02-01 21:03:40,66.0833,76.6333,-15.75,100,100,4.05
239,Valdivia,CL,2022-02-01 21:02:32,-39.8142,-73.2459,71.44,57,6,6.24
240,Inuvik,CA,2022-02-01 21:02:11,68.3499,-133.7218,-10.44,77,75,2.3
241,Araouane,ML,2022-02-01 21:04:42,18.9048,-3.5265,72.1,12,79,10.29
242,Alyangula,AU,2022-02-01 21:00:54,-13.8483,136.4192,81.34,77,100,14.03
243,Beringovskiy,RU,2022-02-01 21:04:42,63.05,179.3167,-0.49,83,99,14.34
244,Mehamn,NO,2022-02-01 21:04:43,71.0357,27.8492,23.18,68,0,23.02
245,Lavrentiya,RU,2022-02-01 21:03:02,65.5833,-171.0,-0.02,78,20,16.04
246,Zhaotong,CN,2022-02-01 21:01:45,27.3167,103.7167,26.24,96,100,4.94
247,Cherskiy,RU,2022-02-01 21:04:43,68.75,161.3,-6.02,80,82,3.36
248,Tuktoyaktuk,CA,2022-02-01 21:02:14,69.4541,-133.0374,-6.2,97,100,7.16
249,Bowen,AU,2022-02-01 21:04:44,-20.0167,148.2333,79.16,82,100,2.73
250,Rock Springs,US,2022-02-01 21:04:44,41.5875,-109.2029,24.24,33,0,11.5
251,Alamosa,US,2022-02-01 21:04:45,37.4695,-105.87,37.38,41,100,9.22
252,Broome,US,2022-02-01 21:04:45,42.2506,-75.833,36.21,53,0,5.01
253,Port Hedland,AU,2022-02-01 21:01:50,-20.3167,118.5667,80.65,100,100,0.0
254,Bonthe,SL,2022-02-01 21:04:46,7.5264,-12.505,78.84,85,66,10.11
255,Asfi,MA,2022-02-01 21:04:46,32.2994,-9.2372,60.24,50,0,16.24
256,Nanortalik,GL,2022-02-01 21:04:46,60.1432,-45.2371,8.8,77,10,11.61
257,Tignere,CM,2022-02-01 21:04:47,7.3667,12.65,65.98,21,17,2.08
258,Verkhnevilyuysk,RU,2022-02-01 21:04:47,63.4453,120.3167,-29.97,99,89,5.21
259,Kungurtug,RU,2022-02-01 21:04:48,50.5994,97.5228,-19.44,99,69,1.63
260,Oistins,BB,2022-02-01 21:04:48,13.0667,-59.5333,80.69,69,40,16.11
261,Alto Araguaia,BR,2022-02-01 21:04:48,-17.3147,-53.2153,72.03,92,97,6.35
262,Padang,ID,2022-02-01 21:04:49,-0.9492,100.3543,75.96,87,100,3.42
263,Tazovskiy,RU,2022-02-01 21:04:49,67.4667,78.7,-8.03,100,94,5.03
264,Tezu,IN,2022-02-01 21:04:50,27.9167,96.1667,53.02,91,100,2.28
265,Cayenne,GF,2022-02-01 21:04:50,4.9333,-52.3333,74.08,92,75,3.0
266,Luganville,VU,2022-02-01 21:04:50,-15.5333,167.1667,80.47,82,98,3.31
267,Nongan,CN,2022-02-01 21:04:51,44.382,125.1685,-0.22,87,6,7.2
268,Rio Claro,BR,2022-02-01 21:02:30,-22.4114,-47.5614,74.39,88,100,2.33
269,Qaanaaq,GL,2022-02-01 21:01:47,77.484,-69.3632,-18.27,73,100,11.88
270,Tombouctou,ML,2022-02-01 21:05:51,20.0,-3.0,71.31,16,63,11.97
271,Ahipara,NZ,2022-02-01 21:05:52,-35.1667,173.1667,71.92,78,100,15.5
272,Westport,US,2022-02-01 21:01:24,41.1415,-73.3579,37.36,65,65,1.01
273,Hami,CN,2022-02-01 21:05:52,42.8,93.45,22.15,33,87,0.81
274,Cururupu,BR,2022-02-01 21:05:53,-1.8283,-44.8683,78.1,88,82,4.56
275,Caravelas,BR,2022-02-01 21:05:53,-17.7125,-39.2481,80.01,82,63,8.16
276,Sao Filipe,CV,2022-02-01 21:05:54,14.8961,-24.4956,74.73,75,84,2.42
277,Pirot,RS,2022-02-01 21:05:54,43.1531,22.5861,33.22,97,100,2.13
278,Vila,PT,2022-02-01 21:05:54,42.0304,-8.1588,47.28,71,0,5.14
279,West Bay,KY,2022-02-01 21:05:55,19.3667,-81.4167,81.07,77,20,4.0
280,Kargasok,RU,2022-02-01 21:02:01,59.0556,80.8572,19.2,95,100,8.37
281,Farafangana,MG,2022-02-01 21:02:15,-22.8167,47.8333,74.5,84,1,7.99
282,San Francisco,US,2022-02-01 21:05:51,37.7749,-122.4194,63.21,27,0,3.0
283,Alofi,NU,2022-02-01 21:05:56,-19.0595,-169.9187,84.09,65,40,4.61
284,Les Cayes,HT,2022-02-01 21:05:56,18.2,-73.75,79.95,68,29,9.62
285,Paulo Afonso,BR,2022-02-01 21:03:35,-9.4061,-38.2147,86.99,44,22,8.75
286,Sioux Lookout,CA,2022-02-01 21:05:57,50.1001,-91.917,10.47,79,100,16.11
287,Chokurdakh,RU,2022-02-01 21:05:57,70.6333,147.9167,-18.54,97,100,3.56
288,Nefteyugansk,RU,2022-02-01 21:05:57,61.0998,72.6035,-10.86,99,99,4.21
289,Margate,GB,2022-02-01 21:01:48,51.3813,1.3862,53.04,75,98,5.99
290,Reconquista,AR,2022-02-01 21:05:58,-29.15,-59.65,103.12,14,0,6.13
291,Sinnamary,GF,2022-02-01 21:05:58,5.3833,-52.95,77.97,85,99,13.56
292,Ust-Tsilma,RU,2022-02-01 21:05:59,65.441,52.1498,4.82,96,98,5.57
293,Nieuw Amsterdam,SR,2022-02-01 21:05:59,5.8833,-55.0833,84.36,72,20,16.11
294,Labuhan,ID,2022-02-01 21:06:00,-6.8844,112.2051,76.77,89,88,5.95
295,Itaueira,BR,2022-02-01 21:06:00,-7.6033,-43.0256,83.44,54,10,1.54
296,Tabuk,PH,2022-02-01 21:06:00,17.4189,121.4443,68.68,89,92,2.35
297,Banamba,ML,2022-02-01 21:06:01,13.55,-7.45,72.88,13,46,9.8
298,Ola,RU,2022-02-01 21:06:01,59.5833,151.2833,0.54,80,81,10.87
299,Falmouth,GB,2022-02-01 21:02:15,50.1544,-5.0711,50.77,91,99,14.03
300,Rebrikha,RU,2022-02-01 21:06:02,53.0733,82.3408,3.18,98,100,3.78
301,Mukhen,RU,2022-02-01 21:06:02,48.1,136.1,-0.87,97,100,3.71
302,Deputatskiy,RU,2022-02-01 21:06:03,69.3,139.9,-15.0,99,100,0.94
303,Cap Malheureux,MU,2022-02-01 21:06:03,-19.9842,57.6142,78.48,89,100,11.99
304,Constitucion,CL,2022-02-01 21:02:58,-35.3333,-72.4167,66.18,64,4,5.82
305,Ouesso,CG,2022-02-01 21:06:03,1.6136,16.0517,74.19,30,56,1.72
306,Lufilufi,WS,2022-02-01 21:06:04,-13.8745,-171.5986,79.79,78,94,16.96
307,Axim,GH,2022-02-01 21:06:04,4.8699,-2.2405,79.97,82,100,7.11
308,Dalnerechensk,RU,2022-02-01 21:06:05,45.9339,133.7225,-2.45,99,99,4.88
309,Talara,PE,2022-02-01 21:06:05,-4.5772,-81.2719,84.96,54,0,17.27
310,Dunedin,NZ,2022-02-01 21:03:10,-45.8742,170.5036,65.28,72,100,12.1
311,Bida,NG,2022-02-01 21:06:06,9.0833,6.0167,78.53,13,0,5.57
312,Pitogo,PH,2022-02-01 21:07:06,13.7847,122.0881,75.09,87,86,11.43
313,Vila Do Maio,CV,2022-02-01 21:07:06,15.1333,-23.2167,75.0,80,100,8.59
314,Iskateley,RU,2022-02-01 21:07:07,67.6803,53.1512,-9.24,100,99,5.03
315,Poum,NC,2022-02-01 21:03:34,-20.2333,164.0167,81.12,76,64,10.11
316,Troitsko-Pechorsk,RU,2022-02-01 21:02:23,62.7084,56.1964,19.45,95,100,8.03
317,Sayyan,YE,2022-02-01 21:07:07,15.1718,44.3244,55.99,36,41,5.01
318,Lujan,AR,2022-02-01 21:07:08,-34.5703,-59.105,89.22,39,2,3.0
319,Peleduy,RU,2022-02-01 21:07:08,59.6289,112.7406,-5.46,100,100,3.49
320,Estepa,ES,2022-02-01 21:07:09,37.2926,-4.879,48.88,64,0,6.62
321,Hirara,JP,2022-02-01 21:07:09,24.8,125.2833,68.94,69,73,19.08
322,Samarai,PG,2022-02-01 21:02:44,-10.6167,150.6667,80.87,79,99,12.24
323,Nkowakowa,ZA,2022-02-01 21:07:09,-23.8878,30.2871,66.25,77,0,3.33
324,Makinsk,KZ,2022-02-01 21:07:10,52.6292,70.4169,-1.32,100,100,4.7
325,Abu Dhabi,AE,2022-02-01 21:06:21,24.4667,54.3667,68.97,87,0,3.44
326,Saldanha,ZA,2022-02-01 21:07:10,-33.0117,17.9442,65.03,97,30,11.14
327,Kaitangata,NZ,2022-02-01 21:07:11,-46.2817,169.8464,63.39,88,100,4.54
328,Vertou,FR,2022-02-01 21:07:11,47.1687,-1.4693,51.06,93,100,6.91
329,Loa Janan,ID,2022-02-01 21:05:37,-0.583,117.095,73.44,97,98,1.95
330,Cotonou,BJ,2022-02-01 21:07:02,6.3654,2.4183,79.09,67,18,8.34
331,Ancud,CL,2022-02-01 21:07:12,-41.8697,-73.8203,66.22,81,100,8.57
332,Okawa,JP,2022-02-01 21:07:12,33.2,130.35,39.22,34,0,1.34
333,Adrar,MR,2022-02-01 21:07:13,20.5022,-10.0711,74.66,15,98,10.22
334,Oussouye,SN,2022-02-01 21:07:13,12.485,-16.5469,76.68,51,2,6.87
335,Panormos,GR,2022-02-01 21:07:14,35.4182,24.6909,61.02,70,96,15.68
336,San Patricio,US,2022-02-01 21:07:14,28.017,-97.5169,77.18,47,5,1.7
337,Akdepe,TM,2022-02-01 21:07:14,42.0551,59.3788,30.2,74,74,6.11
338,Urengoy,RU,2022-02-01 21:07:15,65.9667,78.3667,-11.38,100,92,5.01
339,Bay Roberts,CA,2022-02-01 21:07:15,47.5999,-53.2648,26.15,54,68,4.0
340,Moron,AR,2022-02-01 21:07:15,-34.6534,-58.6198,86.95,50,2,6.96
341,Lodja,CD,2022-02-01 21:07:16,-3.4833,23.4333,71.67,84,98,2.53
342,Quatre Cocos,MU,2022-02-01 21:03:36,-20.2078,57.7625,77.09,92,100,30.04
343,Mahajanga,MG,2022-02-01 21:07:16,-15.7167,46.3167,80.62,79,84,6.24
344,Zhicheng,CN,2022-02-01 21:07:17,30.2956,111.5047,34.97,91,100,5.97
345,Mercedes,AR,2022-02-01 21:02:56,-34.6515,-59.4307,88.03,23,3,4.81
346,Kuhdasht,IR,2022-02-01 21:07:17,33.535,47.6061,36.84,80,3,3.09
347,Tarko-Sale,RU,2022-02-01 21:07:18,64.9225,77.785,-14.08,100,99,6.17
348,Odienne,CI,2022-02-01 21:07:18,9.51,-7.5692,79.54,14,100,3.94
349,Assiniboia,CA,2022-02-01 21:07:18,49.6334,-105.9845,-5.3,86,98,13.27
350,Northam,GB,2022-02-01 21:07:19,51.0333,-4.2167,52.39,94,100,15.66
351,Tomatlan,MX,2022-02-01 21:07:19,19.9333,-105.25,90.82,21,0,12.44
352,Bandundu,CD,2022-02-01 21:07:19,-3.3167,17.3667,79.07,67,78,2.98
353,Beatrice,US,2022-02-01 21:07:20,40.2681,-96.747,37.38,38,0,18.41
354,Balkanabat,TM,2022-02-01 21:07:20,39.5108,54.3671,45.88,68,23,7.61
355,Ribeira Grande,PT,2022-02-01 21:07:21,38.5167,-28.7,59.4,77,20,10.36
356,Venado Tuerto,AR,2022-02-01 21:04:57,-33.7456,-61.9688,97.5,23,3,5.06
357,Iberia,US,2022-02-01 21:07:21,29.9502,-91.7507,71.02,82,100,11.5
358,Cockburn Town,TC,2022-02-01 21:03:52,21.4612,-71.1419,75.22,76,3,20.36
359,Puerto Del Rosario,ES,2022-02-01 21:07:22,28.5004,-13.8627,71.28,56,0,3.44
360,Grindavik,IS,2022-02-01 21:08:22,63.8424,-22.4338,32.47,93,75,18.41
361,Houston,US,2022-02-01 21:06:04,29.7633,-95.3633,68.32,77,100,1.01
362,Zhigansk,RU,2022-02-01 21:08:22,66.7697,123.3711,-28.26,99,88,9.17
363,Matamoros,MX,2022-02-01 21:04:51,25.5333,-103.25,75.31,13,0,4.61
364,Whitehorse,CA,2022-02-01 21:07:42,60.7161,-135.0538,-8.01,89,8,5.41
365,Dicabisagan,PH,2022-02-01 21:08:23,17.0818,122.4157,72.14,84,86,5.14
366,Lantawan,PH,2022-02-01 21:08:23,10.6167,123.9833,73.9,87,71,4.25
367,Lincoln,US,2022-02-01 21:05:23,40.8,-96.667,35.98,41,0,7.0
368,Montabaur,DE,2022-02-01 21:05:22,50.4333,7.8333,46.83,83,97,18.86
369,Perieti,RO,2022-02-01 21:08:24,44.4,24.55,36.32,64,100,1.52
370,Saint Anthony,US,2022-02-01 21:08:25,45.0205,-93.218,17.92,63,0,5.99
371,Hambantota,LK,2022-02-01 21:03:33,6.1241,81.1185,72.45,82,1,13.09
372,Boyuibe,BO,2022-02-01 21:08:25,-20.4167,-63.2833,79.29,57,90,5.32
373,Lillesand,NO,2022-02-01 21:08:25,58.2488,8.3778,26.64,100,75,5.75
374,Llallagua,BO,2022-02-01 21:08:26,-18.4167,-66.6333,48.54,66,90,8.93
375,Souillac,MU,2022-02-01 21:08:26,-20.5167,57.5167,78.37,93,100,27.83
376,Nara,JP,2022-02-01 21:08:26,34.6851,135.8049,36.25,61,28,6.2
377,Clinton,US,2022-02-01 21:04:00,42.587,-82.9199,46.72,65,75,13.8
378,Dire,ML,2022-02-01 21:08:27,12.2833,-10.9667,82.0,14,88,3.85
379,Acapulco,MX,2022-02-01 21:08:27,16.8634,-99.8901,84.02,65,20,9.22
380,Serik,TR,2022-02-01 21:08:28,36.9169,31.0989,50.25,78,100,16.62
381,Sitka,US,2022-02-01 21:07:51,57.0531,-135.33,33.69,69,75,4.61
382,Morondava,MG,2022-02-01 21:07:19,-20.2833,44.2833,82.06,79,56,6.64
383,Mahasamund,IN,2022-02-01 21:08:28,21.1,82.1,59.25,37,2,4.56
384,Dolores,AR,2022-02-01 21:08:29,-36.3132,-57.6792,85.75,22,2,8.39
385,Paliyad,IN,2022-02-01 21:08:29,22.25,71.5667,69.37,48,1,5.39
386,Vega De Alatorre,MX,2022-02-01 21:08:30,20.0333,-96.6333,75.24,76,9,9.73
387,Dauphin,CA,2022-02-01 21:07:24,51.1494,-100.0502,-0.26,65,75,20.71
388,Union,US,2022-02-01 21:05:36,40.6334,-74.2663,38.17,60,0,3.44
389,Guerrero Negro,MX,2022-02-01 21:08:30,27.9769,-114.0611,64.42,57,100,12.44
390,Bandarbeyla,SO,2022-02-01 21:08:31,9.4942,50.8122,76.08,76,54,15.64
391,Bambari,CF,2022-02-01 21:08:31,5.768,20.6757,78.73,20,57,3.15
392,Aljezur,PT,2022-02-01 21:08:31,37.3191,-8.8033,52.09,64,0,3.33
393,Sur,OM,2022-02-01 21:05:26,22.5667,59.5289,72.45,67,5,1.61
394,Hammerfest,NO,2022-02-01 21:08:32,70.6634,23.6821,25.25,39,98,9.22
395,Port-Gentil,GA,2022-02-01 21:08:32,-0.7193,8.7815,80.67,81,89,11.48
396,Dafeng,CN,2022-02-01 21:08:33,23.4517,108.5881,45.32,88,100,5.12
397,Mount Isa,AU,2022-02-01 21:08:33,-20.7333,139.5,78.57,94,75,8.05
398,Barcarena,BR,2022-02-01 21:08:34,-1.5058,-48.6258,78.85,88,68,6.89
399,Plettenberg Bay,ZA,2022-02-01 21:08:34,-34.0527,23.3716,73.54,86,56,3.74
400,Quzhou,CN,2022-02-01 21:08:34,28.9594,118.8686,36.77,97,100,7.99
401,Roebourne,AU,2022-02-01 21:08:35,-20.7833,117.1333,83.43,74,98,10.27
402,Narsaq,GL,2022-02-01 21:08:35,60.9167,-46.05,19.62,86,63,3.49
403,Tevriz,RU,2022-02-01 21:08:36,57.509,72.4042,-1.12,100,100,2.84
404,Vao,NC,2022-02-01 21:08:36,-22.6667,167.4833,77.76,82,29,15.26
405,Lahij,YE,2022-02-01 21:08:36,13.1667,44.5833,72.03,76,24,4.94
406,Yar-Sale,RU,2022-02-01 21:09:37,66.8333,70.8333,-15.92,99,70,6.93
407,Weligama,LK,2022-02-01 21:09:37,5.9667,80.4167,70.88,89,4,7.45
408,Luwuk,ID,2022-02-01 21:09:37,-0.9516,122.7875,77.05,75,100,4.47
409,Bonnyville,CA,2022-02-01 21:09:38,54.2668,-110.735,-5.15,87,94,11.86
410,Kidal,ML,2022-02-01 21:09:38,18.4411,1.4078,69.69,11,67,7.05
411,Altar,MX,2022-02-01 21:09:39,30.7,-111.8167,71.53,12,88,12.48
412,Lorengau,PG,2022-02-01 21:09:39,-2.0226,147.2712,78.57,80,100,3.51
413,Rocha,UY,2022-02-01 21:08:48,-34.4833,-54.3333,72.12,54,0,8.97
414,La Ronge,CA,2022-02-01 21:09:39,55.1001,-105.2842,-5.46,87,100,12.08
415,Chicama,PE,2022-02-01 21:09:40,-7.8447,-79.1469,66.74,57,53,12.3
416,Fare,PF,2022-02-01 21:06:54,-16.7,-151.0167,80.69,76,0,20.58
417,Menongue,AO,2022-02-01 21:09:41,-14.6585,17.691,64.85,51,100,4.43
418,Isangel,VU,2022-02-01 21:05:11,-19.55,169.2667,79.38,81,100,1.19
419,Macau,MO,2022-02-01 21:09:41,22.2006,113.5461,60.71,94,40,13.8
420,Norman Wells,CA,2022-02-01 21:09:41,65.282,-126.8329,-10.23,99,88,2.42
421,Inhambane,MZ,2022-02-01 21:09:42,-23.865,35.3833,77.02,77,2,7.45
422,Sagar,IN,2022-02-01 21:09:42,23.8333,78.7167,59.14,57,0,4.29
423,Usakos,NA,2022-02-01 21:09:43,-22.0,15.6,70.23,66,41,7.05
424,Merauke,ID,2022-02-01 21:09:43,-8.4667,140.3333,75.13,90,100,10.22
425,Betafo,MG,2022-02-01 21:09:43,-19.8333,46.85,58.37,95,10,5.55
426,Olavarria,AR,2022-02-01 21:09:44,-36.8927,-60.3225,82.33,41,6,10.85
427,Iiyama,JP,2022-02-01 21:09:44,36.85,138.3667,32.14,96,92,7.31
428,Copala,MX,2022-02-01 21:09:45,16.65,-98.9833,83.23,54,2,11.81
429,Eufaula,US,2022-02-01 21:09:45,31.8913,-85.1455,67.89,33,20,10.07
430,Huntington,US,2022-02-01 21:05:16,38.4193,-82.4452,61.7,27,0,8.05
431,Kudahuvadhoo,MV,2022-02-01 21:09:45,2.6708,72.8944,82.71,77,17,15.35
432,San Joaquin,US,2022-02-01 21:09:46,37.9333,-121.3011,61.02,30,0,21.85
433,Kaeo,NZ,2022-02-01 21:09:46,-35.1,173.7833,74.32,84,100,13.2
434,Castanos,MX,2022-02-01 21:09:47,26.7833,-101.4167,78.35,18,0,4.61
435,Christchurch,NZ,2022-02-01 21:09:47,-43.5333,172.6333,76.32,65,100,1.99
436,Prince George,CA,2022-02-01 21:09:47,53.9166,-122.753,11.62,57,90,5.01
437,Turukhansk,RU,2022-02-01 21:09:48,65.8167,87.9833,7.95,94,100,8.61
438,Solwezi,ZM,2022-02-01 21:09:48,-12.1688,26.3894,63.25,97,100,0.92
439,Saiha,IN,2022-02-01 21:09:48,22.4833,92.9667,52.86,61,60,3.04
440,Show Low,US,2022-02-01 21:04:52,34.2542,-110.0298,50.68,33,40,16.11
441,Malindi,KE,2022-02-01 21:09:49,-3.2175,40.1191,77.2,90,92,9.17
442,Jeremie,HT,2022-02-01 21:09:49,18.65,-74.1167,77.85,77,29,4.97
443,Salalah,OM,2022-02-01 21:09:50,17.0151,54.0924,68.09,52,0,5.75
444,Silvan,TR,2022-02-01 21:09:50,38.1419,41.0081,37.69,93,75,2.91
445,Itarema,BR,2022-02-01 21:09:50,-2.9248,-39.9167,80.71,76,100,14.97
446,Sembe,CG,2022-02-01 21:09:51,1.6481,14.5806,76.05,45,33,1.63
447,Sidi Ali,DZ,2022-02-01 21:09:51,36.0998,0.4206,48.4,73,0,5.59
448,Svirstroy,RU,2022-02-01 21:09:51,60.7999,33.7248,10.58,97,98,4.14
449,Bydgoszcz,PL,2022-02-01 21:09:52,53.1235,18.0076,33.6,80,100,10.36
450,Bushehr,IR,2022-02-01 21:09:52,28.9684,50.8385,61.88,71,1,19.93
451,Tahe,CN,2022-02-01 21:10:52,52.3333,124.7333,-8.64,89,29,5.39
452,Vila Franca Do Campo,PT,2022-02-01 21:10:53,37.7167,-25.4333,58.19,79,84,11.12
453,Karratha,AU,2022-02-01 21:10:53,-20.7377,116.8463,83.43,75,92,10.96
454,Esso,RU,2022-02-01 21:10:54,55.9333,158.7,11.5,92,79,2.21
455,Teahupoo,PF,2022-02-01 21:10:54,-17.8333,-149.2667,80.56,76,29,21.41
456,Agnibilekrou,CI,2022-02-01 21:10:54,7.1344,-3.2047,73.9,17,85,3.6
457,Athabasca,CA,2022-02-01 21:10:55,54.7169,-113.2854,-0.04,82,78,14.29
458,Vieques,PR,2022-02-01 21:10:55,18.425,-65.8329,83.84,69,75,14.97
459,Uarini,BR,2022-02-01 21:10:55,-2.99,-65.1083,84.15,87,85,2.64
460,Madison,US,2022-02-01 21:07:20,34.7334,-86.5667,64.65,34,0,1.99
461,Tautira,PF,2022-02-01 21:10:56,-17.7333,-149.15,86.02,77,25,20.8
462,San Martin,AR,2022-02-01 21:10:56,-33.081,-68.4681,94.68,23,29,6.17
463,Glens Falls,US,2022-02-01 21:07:33,43.3095,-73.644,36.18,49,0,1.01
464,Sovetskiy,RU,2022-02-01 21:10:57,61.3614,63.5842,9.01,96,100,6.76
465,Tubuala,PA,2022-02-01 21:10:57,9.5167,-79.0333,90.55,65,4,9.53
466,Pacific Grove,US,2022-02-01 21:10:58,36.6177,-121.9166,61.61,39,0,5.99
467,Lengshuijiang,CN,2022-02-01 21:10:58,27.6881,111.4294,35.06,95,100,5.93
468,Hay River,CA,2022-02-01 21:10:58,60.8156,-115.7999,-13.56,91,74,8.32
469,Awbari,LY,2022-02-01 21:10:59,26.5921,12.7805,54.39,23,10,10.36
470,Bereda,ES,2022-02-01 21:10:59,43.2686,-7.5406,47.91,98,3,4.03
471,Half Moon Bay,US,2022-02-01 21:10:59,37.4636,-122.4286,62.82,33,0,4.0
472,Kalengwa,ZM,2022-02-01 21:11:00,-13.4659,25.0027,63.5,94,100,1.45
473,Kidodi,TZ,2022-02-01 21:11:00,-7.6036,37.0044,72.21,94,97,2.86
474,Beloha,MG,2022-02-01 21:11:01,-25.1667,45.05,73.26,82,0,18.9
475,Krasnaya Gorka,RU,2022-02-01 21:11:01,55.1962,56.6673,30.65,97,100,13.31
476,Gejiu,CN,2022-02-01 21:11:01,23.306,103.1635,38.52,96,93,4.88
477,Collie,AU,2022-02-01 21:11:02,-33.3667,116.15,56.98,74,52,12.93
478,Pelym,RU,2022-02-01 21:11:02,61.0108,61.9978,15.04,96,100,6.04
479,Mutoko,ZW,2022-02-01 21:11:02,-17.397,32.2268,63.66,89,0,2.82
480,Paso De Los Toros,UY,2022-02-01 21:11:03,-32.8167,-56.5167,82.38,35,0,5.41
481,Mazatlan,MX,2022-02-01 21:11:03,23.2167,-106.4167,80.56,65,0,1.01
482,Golden,US,2022-02-01 21:06:06,39.7555,-105.2211,38.46,66,100,11.01
483,Shiyan,CN,2022-02-01 21:11:04,32.6475,110.7781,35.96,62,100,2.39
484,San Jeronimo,PE,2022-02-01 21:11:04,-11.9472,-75.2829,53.76,78,100,5.5
485,Eravur,LK,2022-02-01 21:11:05,7.7733,81.6095,73.18,75,0,1.45
486,Lithakia,GR,2022-02-01 21:11:05,37.7167,20.8333,52.59,74,100,21.92
487,Gorontalo,ID,2022-02-01 21:11:06,0.5412,123.0595,73.17,93,86,3.83
488,Permet,AL,2022-02-01 21:11:06,40.2336,20.3517,46.27,99,100,4.7
489,Tabalosos,PE,2022-02-01 21:11:06,-6.35,-76.6833,80.8,46,54,4.88
490,Novoilinsk,RU,2022-02-01 21:11:07,51.6829,108.7143,-12.68,100,100,1.12
491,Rabat,MA,2022-02-01 21:11:07,33.9911,-6.8401,53.15,100,0,0.0
492,Fez,MA,2022-02-01 21:11:07,34.0372,-4.9998,48.45,49,0,9.22
493,Walvis Bay,NA,2022-02-01 21:06:34,-22.9575,14.5053,70.09,81,33,5.84
494,Sabha,LY,2022-02-01 21:11:08,27.0377,14.4283,54.79,20,12,11.34
495,Safford,US,2022-02-01 21:11:08,32.834,-109.7076,64.53,25,100,1.77
496,Anadyr,RU,2022-02-01 21:11:09,64.75,177.4833,19.9,49,0,8.95
497,Sainte-Suzanne,RE,2022-02-01 21:11:09,-20.9061,55.6089,82.58,81,0,23.02
498,Belaya Gora,RU,2022-02-01 21:12:09,68.5333,146.4167,-15.83,96,100,4.7
499,Sierra Vista,US,2022-02-01 21:10:04,31.5545,-110.3037,60.69,17,100,12.66
500,San Quintin,MX,2022-02-01 21:08:33,30.4833,-115.95,61.56,65,58,12.03
501,Mashhad,IR,2022-02-01 21:12:10,36.297,59.6062,39.34,93,100,9.22
502,Allapalli,IN,2022-02-01 21:12:11,19.4167,80.0667,60.67,39,0,2.51
503,Lososina,RU,2022-02-01 21:12:11,48.9975,140.3106,5.97,77,97,6.53
504,Swellendam,ZA,2022-02-01 21:12:11,-34.0226,20.4417,79.97,59,54,2.82
505,Sanvordem,IN,2022-02-01 21:12:12,15.2667,74.1167,69.08,65,14,2.44
506,Mogadishu,SO,2022-02-01 21:08:29,2.0371,45.3438,78.19,88,100,19.3
507,Acajutla,SV,2022-02-01 21:12:12,13.5928,-89.8275,88.81,58,0,11.27
508,Rio Gallegos,AR,2022-02-01 21:11:31,-51.6226,-69.2181,57.25,35,75,35.68
509,Cody,US,2022-02-01 21:12:13,44.5263,-109.0565,25.65,61,100,12.66
510,Mugur-Aksy,RU,2022-02-01 21:12:13,50.35,90.5,-8.91,85,81,4.79
511,Kasongo-Lunda,CD,2022-02-01 21:12:14,-6.4667,16.8167,72.46,91,91,2.8
512,Byron Bay,AU,2022-02-01 21:12:14,-28.65,153.6167,82.35,86,100,3.74
513,Khuzhir,RU,2022-02-01 21:12:14,53.1939,107.3397,-1.03,91,52,2.48
514,Evensk,RU,2022-02-01 21:12:15,61.95,159.2333,19.67,81,100,28.59
515,Charters Towers,AU,2022-02-01 21:12:15,-20.1,146.2667,78.55,75,100,6.26
516,Wanaka,NZ,2022-02-01 21:12:15,-44.7,169.15,65.19,90,100,8.77
517,Sao Miguel Do Araguaia,BR,2022-02-01 21:12:16,-13.275,-50.1628,78.94,86,35,3.11
518,Moba,CN,2022-02-01 21:12:16,33.2288,105.0179,21.45,82,99,5.06
519,Babushkin,RU,2022-02-01 21:12:17,51.7122,105.8647,9.0,96,99,7.72
520,Belyy,RU,2022-02-01 21:12:17,55.8402,32.9419,19.31,94,100,7.7
521,Khvoynaya,RU,2022-02-01 21:12:17,58.9,34.5333,11.57,99,100,2.98
522,Kuytun,RU,2022-02-01 21:12:18,54.3419,101.5036,-11.92,99,91,0.92
523,Parauna,BR,2022-02-01 21:12:18,-16.9478,-50.4486,72.14,91,100,6.26
524,Fairbanks,US,2022-02-01 21:10:32,64.8378,-147.7164,-4.4,74,20,0.0
